Request_ID,Transit_Route_ID
1,138
2,155
3,148
4,157
5,175
6,122
7,106
8,144
9,188
10,154
11,154
12,176
13,137
14,118
15,121
16,110
17,102
18,118
19,190
20,106
21,190
22,133
23,110
24,104
25,170
26,135
27,104
28,155
29,104
30,126
31,192
32,126
33,131
34,188
35,197
36,114
37,197
38,198
39,153
40,119
41,187
42,133
43,133
44,145
45,190
46,120
47,196
48,138
49,139
50,143
51,135
52,154
53,188
54,170
55,149
56,157
57,173
58,173
59,137
60,123
61,173
62,158
63,144
64,125
65,193
66,190
67,182
68,164
69,196
70,110
71,149
72,157
73,133
74,115
75,158
76,100
77,140
78,127
79,114
80,179
81,145
82,131
83,138
84,164
85,172
86,192
87,188
88,174
89,110
90,169
91,133
92,149
93,143
94,113
95,171
96,124
97,167
98,149
99,194
100,184
101,131
102,154
103,177
104,191
105,124
106,191
107,178
108,151
109,155
110,121
111,146
112,169
113,150
114,165
115,169
116,186
117,189
118,174
119,164
120,191
121,121
122,140
123,176
124,146
125,159
126,199
127,121
128,103
129,143
130,140
131,181
132,137
133,116
134,188
135,116
136,192
137,144
138,145
139,107
140,192
141,114
142,132
143,148
144,109
145,161
146,154
147,157
148,162
149,110
150,134
151,197
152,195
153,185
154,103
155,165
156,132
157,172
158,134
159,137
160,194
161,177
162,156
163,194
164,132
165,143
166,152
167,179
168,119
169,162
170,150
171,113
172,134
173,144
174,132
175,160
176,192
177,171
178,152
179,197
180,177
181,177
182,149
183,114
184,141
185,119
186,191
187,167
188,106
189,165
190,172
191,122
192,135
193,111
194,122
195,194
196,110
197,100
198,176
199,138
200,192
201,169
202,130
203,108
204,155
205,117
206,158
207,166
208,195
209,102
210,129
211,163
212,169
213,190
214,101
215,119
216,180
217,196
218,180
219,128
220,108
221,103
222,139
223,154
224,112
225,105
226,172
227,125
228,140
229,141
230,177
231,160
232,161
233,197
234,167
235,120
236,130
237,142
238,120
239,128
240,154
241,157
242,123
243,144
244,179
245,108
246,184
247,165
248,101
249,136
250,136
251,168
252,145
253,105
254,147
255,107
256,131
257,176
258,166
259,172
260,167
261,127
262,139
263,115
264,156
265,174
266,154
267,182
268,185
269,138
270,175
271,154
272,129
273,141
274,104
275,144
276,163
277,131
278,197
279,111
280,165
281,151
282,170
283,131
284,134
285,105
286,121
287,188
288,146
289,112
290,122
291,143
292,108
293,158
294,129
295,183
296,143
297,148
298,115
299,185
300,173
301,183
302,152
303,101
304,166
305,141
306,163
307,107
308,172
309,191
310,120
311,196
312,159
313,133
314,103
315,188
316,161
317,195
318,175
319,101
320,149
321,175
322,125
323,184
324,136
325,154
326,199
327,117
328,123
329,129
330,116
331,179
332,141
333,180
334,111
335,126
336,154
337,103
338,134
339,164
340,175
341,128
342,171
343,171
344,175
345,135
346,133
347,135
348,154
349,103
350,110
351,158
352,102
353,173
354,111
355,172
356,120
357,197
358,121
359,117
360,105
361,188
362,178
363,164
364,154
365,139
366,181
367,151
368,143
369,194
370,161
371,183
372,188
373,196
374,173
375,128
376,118
377,127
378,190
379,118
380,130
381,153
382,198
383,161
384,113
385,149
386,158
387,169
388,157
389,108
390,156
391,140
392,126
393,157
394,180
395,199
396,167
397,157
398,123
399,179
400,161
401,180
402,166
403,102
404,150
405,198
406,166
407,179
408,156
409,119
410,144
411,105
412,132
413,142
414,149
415,126
416,129
417,198
418,117
419,129
420,189
421,114
422,195
423,198
424,175
425,161
426,120
427,111
428,148
429,100
430,174
431,154
432,124
433,146
434,172
435,138
436,126
437,192
438,149
439,190
440,154
441,127
442,156
443,181
444,178
445,115
446,186
447,193
448,199
449,155
450,134
451,127
452,145
453,166
454,115
455,178
456,182
457,173
458,148
459,167
460,121
461,117
462,121
463,115
464,155
465,102
466,152
467,134
468,179
469,184
470,120
471,164
472,156
473,193
474,146
475,133
476,147
477,138
478,186
479,197
480,129
481,149
482,196
483,115
484,193
485,102
486,160
487,101
488,125
489,117
490,165
491,139
492,102
493,116
494,123
495,101
496,169
497,139
498,125
499,156
500,148
501,156
502,155
503,169
504,175
505,120
506,115
507,105
508,133
509,158
510,166
511,140
512,118
513,128
514,131
515,109
516,163
517,190
518,192
519,176
520,119
521,127
522,126
523,176
524,124
525,128
526,114
527,144
528,144
529,129
530,137
531,159
532,131
533,149
534,170
535,134
536,196
537,175
538,186
539,104
540,130
541,179
542,196
543,152
544,100
545,185
546,191
547,168
548,167
549,164
550,114
551,151
552,137
553,123
554,122
555,146
556,106
557,130
558,106
559,176
560,103
561,153
562,181
563,182
564,179
565,151
566,181
567,179
568,147
569,194
570,188
571,165
572,153
573,191
574,179
575,153
576,199
577,144
578,139
579,134
580,123
581,134
582,193
583,136
584,174
585,133
586,123
587,192
588,103
589,149
590,193
591,177
592,123
593,197
594,135
595,178
596,134
597,128
598,135
599,167
600,178
601,110
602,154
603,148
604,178
605,156
606,184
607,198
608,186
609,154
610,155
611,173
612,103
613,124
614,101
615,118
616,187
617,107
618,163
619,105
620,183
621,113
622,169
623,175
624,170
625,156
626,129
627,179
628,107
629,113
630,147
631,183
632,127
633,105
634,129
635,103
636,199
637,166
638,109
639,126
640,181
641,144
642,174
643,199
644,134
645,112
646,154
647,186
648,142
649,172
650,167
651,142
652,139
653,130
654,102
655,199
656,116
657,179
658,138
659,165
660,168
661,196
662,176
663,175
664,118
665,121
666,107
667,167
668,170
669,185
670,117
671,105
672,103
673,140
674,150
675,111
676,136
677,101
678,102
679,144
680,184
681,138
682,176
683,153
684,177
685,193
686,117
687,112
688,113
689,140
690,139
691,188
692,190
693,186
694,170
695,147
696,109
697,188
698,153
699,134
700,123
701,148
702,141
703,174
704,183
705,173
706,149
707,120
708,127
709,191
710,154
711,126
712,196
713,167
714,198
715,183
716,105
717,157
718,105
719,159
720,180
721,118
722,160
723,116
724,148
725,102
726,133
727,161
728,159
729,167
730,186
731,181
732,133
733,128
734,159
735,143
736,114
737,144
738,174
739,108
740,134
741,109
742,137
743,128
744,145
745,169
746,182
747,189
748,172
749,144
750,176
751,189
752,152
753,183
754,101
755,103
756,170
757,118
758,198
759,110
760,182
761,131
762,113
763,148
764,168
765,124
766,113
767,138
768,111
769,148
770,183
771,117
772,100
773,103
774,111
775,125
776,131
777,178
778,151
779,198
780,189
781,114
782,107
783,191
784,129
785,153
786,166
787,169
788,194
789,189
790,107
791,162
792,192
793,116
794,115
795,144
796,167
797,109
798,179
799,118
800,138
801,149
802,176
803,159
804,167
805,131
806,181
807,179
808,188
809,163
810,179
811,185
812,123
813,127
814,122
815,162
816,155
817,184
818,172
819,165
820,137
821,127
822,125
823,159
824,159
825,190
826,154
827,124
828,120
829,124
830,157
831,137
832,145
833,174
834,191
835,199
836,103
837,118
838,161
839,123
840,185
841,154
842,124
843,171
844,183
845,164
846,167
847,111
848,124
849,120
850,118
851,197
852,169
853,151
854,153
855,134
856,102
857,132
858,172
859,106
860,126
861,100
862,139
863,117
864,134
865,180
866,138
867,110
868,144
869,174
870,102
871,176
872,151
873,159
874,191
875,157
876,153
877,133
878,127
879,160
880,165
881,165
882,136
883,115
884,171
885,174
886,144
887,114
888,103
889,122
890,171
891,179
892,115
893,187
894,152
895,109
896,133
897,117
898,152
899,115
900,199
901,161
902,151
903,156
904,171
905,163
906,183
907,122
908,139
909,113
910,179
911,117
912,193
913,135
914,199
915,138
916,140
917,100
918,180
919,191
920,170
921,183
922,141
923,123
924,164
925,117
926,189
927,113
928,118
929,181
930,106
931,163
932,101
933,106
934,127
935,191
936,180
937,129
938,184
939,172
940,135
941,121
942,178
943,177
944,126
945,181
946,109
947,121
948,122
949,151
950,141
951,140
952,147
953,168
954,150
955,188
956,100
957,187
958,196
959,155
960,170
961,123
962,114
963,174
964,143
965,180
966,148
967,186
968,148
969,167
970,194
971,197
972,173
973,136
974,173
975,141
976,158
977,174
978,194
979,109
980,152
981,141
982,107
983,174
984,183
985,123
986,150
987,170
988,159
989,120
990,152
991,105
992,130
993,111
994,112
995,148
996,130
997,108
998,126
999,152
1000,180
1001,150
1002,171
1003,126
1004,139
1005,161
1006,157
1007,114
1008,138
1009,169
1010,195
1011,107
1012,134
1013,162
1014,130
1015,189
1016,141
1017,187
1018,165
1019,140
1020,100
1021,173
1022,186
1023,132
1024,136
1025,156
1026,110
1027,183
1028,189
1029,146
1030,165
1031,188
1032,103
1033,182
1034,176
1035,182
1036,176
1037,154
1038,111
1039,165
1040,136
1041,122
1042,154
1043,118
1044,166
1045,187
1046,122
1047,103
1048,117
1049,111
1050,134
1051,126
1052,142
1053,177
1054,194
1055,166
1056,168
1057,163
1058,192
1059,151
1060,116
1061,182
1062,198
1063,132
1064,171
1065,151
1066,134
1067,119
1068,180
1069,144
1070,176
1071,167
1072,149
1073,157
1074,129
1075,169
1076,101
1077,178
1078,133
1079,151
1080,183
1081,115
1082,142
1083,163
1084,192
1085,126
1086,164
1087,112
1088,139
1089,131
1090,166
1091,113
1092,157
1093,191
1094,145
1095,189
1096,184
1097,174
1098,190
1099,158
1100,164
1101,132
1102,145
1103,181
1104,153
1105,165
1106,103
1107,153
1108,103
1109,116
1110,179
1111,172
1112,189
1113,173
1114,170
1115,172
1116,154
1117,147
1118,190
1119,195
1120,148
1121,122
1122,126
1123,124
1124,192
1125,123
1126,179
1127,179
1128,191
1129,119
1130,152
1131,182
1132,173
1133,125
1134,159
1135,101
1136,102
1137,155
1138,165
1139,124
1140,167
1141,114
1142,181
1143,106
1144,190
1145,181
1146,170
1147,192
1148,140
1149,159
1150,143
1151,132
1152,165
1153,181
1154,122
1155,163
1156,105
1157,162
1158,142
1159,124
1160,182
1161,107
1162,136
1163,189
1164,192
1165,158
1166,127
1167,152
1168,170
1169,154
1170,135
1171,161
1172,114
1173,153
1174,160
1175,196
1176,153
1177,168
1178,128
1179,180
1180,126
1181,180
1182,167
1183,111
1184,122
1185,149
1186,174
1187,199
1188,175
1189,172
1190,187
1191,181
1192,126
1193,158
1194,108
1195,132
1196,169
1197,150
1198,196
1199,139
1200,105
1201,103
1202,102
1203,112
1204,125
1205,133
1206,176
1207,152
1208,146
1209,107
1210,175
1211,107
1212,118
1213,173
1214,131
1215,120
1216,163
1217,122
1218,190
1219,188
1220,170
1221,141
1222,134
1223,101
1224,191
1225,170
1226,175
1227,151
1228,116
1229,185
1230,108
1231,151
1232,102
1233,121
1234,153
1235,135
1236,138
1237,117
1238,180
1239,126
1240,198
1241,195
1242,166
1243,112
1244,116
1245,160
1246,117
1247,116
1248,155
1249,147
1250,115
1251,185
1252,124
1253,164
1254,126
1255,113
1256,191
1257,199
1258,149
1259,195
1260,128
1261,180
1262,127
1263,120
1264,123
1265,145
1266,159
1267,198
1268,119
1269,151
1270,121
1271,167
1272,115
1273,120
1274,143
1275,161
1276,120
1277,110
1278,159
1279,136
1280,143
1281,121
1282,183
1283,165
1284,142
1285,174
1286,120
1287,132
1288,116
1289,135
1290,113
1291,136
1292,130
1293,103
1294,105
1295,149
1296,184
1297,176
1298,137
1299,178
1300,104
1301,137
1302,123
1303,117
1304,192
1305,131
1306,170
1307,193
1308,189
1309,171
1310,188
1311,129
1312,187
1313,129
1314,104
1315,103
1316,150
1317,108
1318,154
1319,132
1320,192
1321,130
1322,182
1323,153
1324,160
1325,165
1326,119
1327,175
1328,184
1329,160
1330,194
1331,135
1332,183
1333,119
1334,144
1335,199
1336,145
1337,117
1338,169
1339,196
1340,173
1341,117
1342,163
1343,133
1344,178
1345,102
1346,171
1347,110
1348,145
1349,195
1350,141
1351,116
1352,146
1353,129
1354,142
1355,107
1356,139
1357,170
1358,119
1359,175
1360,184
1361,127
1362,127
1363,158
1364,161
1365,179
1366,173
1367,153
1368,185
1369,106
1370,167
1371,123
1372,197
1373,140
1374,153
1375,113
1376,143
1377,148
1378,162
1379,180
1380,144
1381,171
1382,176
1383,106
1384,102
1385,187
1386,146
1387,187
1388,160
1389,170
1390,129
1391,104
1392,184
1393,171
1394,106
1395,138
1396,101
1397,142
1398,111
1399,127
1400,118
1401,127
1402,198
1403,175
1404,191
1405,189
1406,169
1407,118
1408,163
1409,190
1410,108
1411,140
1412,149
1413,109
1414,173
1415,196
1416,181
1417,153
1418,109
1419,106
1420,131
1421,153
1422,169
1423,182
1424,162
1425,133
1426,142
1427,104
1428,118
1429,153
1430,113
1431,109
1432,148
1433,110
1434,130
1435,165
1436,109
1437,120
1438,100
1439,145
1440,194
1441,174
1442,173
1443,119
1444,120
1445,136
1446,113
1447,157
1448,156
1449,156
1450,168
1451,169
1452,123
1453,179
1454,159
1455,122
1456,146
1457,137
1458,179
1459,151
1460,112
1461,107
1462,131
1463,185
1464,116
1465,104
1466,171
1467,149
1468,193
1469,182
1470,111
1471,188
1472,143
1473,176
1474,167
1475,158
1476,109
1477,147
1478,127
1479,104
1480,191
1481,143
1482,130
1483,115
1484,122
1485,192
1486,120
1487,101
1488,122
1489,179
1490,110
1491,172
1492,101
1493,181
1494,112
1495,144
1496,171
1497,109
1498,190
1499,180
1500,187
1501,120
1502,100
1503,115
1504,142
1505,196
1506,105
1507,175
1508,195
1509,110
1510,181
1511,165
1512,195
1513,148
1514,119
1515,120
1516,135
1517,137
1518,155
1519,190
1520,110
1521,117
1522,180
1523,197
1524,144
1525,125
1526,158
1527,105
1528,142
1529,193
1530,151
1531,161
1532,195
1533,116
1534,176
1535,145
1536,140
1537,112
1538,105
1539,185
1540,196
1541,132
1542,103
1543,177
1544,149
1545,147
1546,198
1547,126
1548,105
1549,157
1550,162
1551,100
1552,127
1553,128
1554,195
1555,127
1556,190
1557,173
1558,181
1559,167
1560,140
1561,154
1562,131
1563,168
1564,121
1565,156
1566,121
1567,165
1568,140
1569,142
1570,133
1571,101
1572,158
1573,135
1574,107
1575,132
1576,132
1577,167
1578,117
1579,163
1580,160
1581,182
1582,109
1583,149
1584,193
1585,121
1586,138
1587,164
1588,129
1589,104
1590,125
1591,162
1592,145
1593,130
1594,140
1595,111
1596,116
1597,117
1598,165
1599,187
1600,191
1601,138
1602,173
1603,132
1604,187
1605,174
1606,107
1607,190
1608,125
1609,175
1610,134
1611,156
1612,178
1613,120
1614,136
1615,193
1616,104
1617,116
1618,189
1619,197
1620,196
1621,181
1622,124
1623,160
1624,193
1625,136
1626,183
1627,165
1628,112
1629,139
1630,141
1631,183
1632,169
1633,174
1634,124
1635,141
1636,109
1637,194
1638,142
1639,167
1640,188
1641,127
1642,123
1643,198
1644,140
1645,160
1646,104
1647,196
1648,110
1649,107
1650,120
1651,195
1652,163
1653,104
1654,133
1655,108
1656,137
1657,142
1658,195
1659,109
1660,111
1661,198
1662,117
1663,186
1664,111
1665,130
1666,110
1667,197
1668,126
1669,120
1670,173
1671,112
1672,144
1673,146
1674,124
1675,176
1676,163
1677,169
1678,198
1679,127
1680,119
1681,183
1682,140
1683,103
1684,183
1685,168
1686,185
1687,123
1688,116
1689,104
1690,156
1691,125
1692,199
1693,171
1694,172
1695,116
1696,155
1697,107
1698,163
1699,168
1700,109
1701,149
1702,154
1703,113
1704,190
1705,126
1706,104
1707,178
1708,127
1709,104
1710,185
1711,111
1712,107
1713,158
1714,164
1715,198
1716,159
1717,179
1718,154
1719,193
1720,142
1721,140
1722,109
1723,197
1724,174
1725,183
1726,106
1727,120
1728,174
1729,186
1730,143
1731,194
1732,181
1733,187
1734,185
1735,136
1736,143
1737,164
1738,105
1739,137
1740,192
1741,142
1742,156
1743,174
1744,179
1745,169
1746,164
1747,154
1748,134
1749,123
1750,137
1751,102
1752,150
1753,160
1754,139
1755,153
1756,165
1757,159
1758,114
1759,185
1760,145
1761,154
1762,103
1763,123
1764,182
1765,193
1766,185
1767,139
1768,126
1769,178
1770,151
1771,136
1772,100
1773,175
1774,108
1775,182
1776,117
1777,138
1778,174
1779,174
1780,129
1781,119
1782,114
1783,163
1784,124
1785,148
1786,166
1787,125
1788,144
1789,191
1790,105
1791,131
1792,174
1793,176
1794,116
1795,145
1796,152
1797,199
1798,193
1799,103
1800,177
1801,127
1802,170
1803,115
1804,177
1805,138
1806,190
1807,129
1808,178
1809,156
1810,155
1811,138
1812,141
1813,117
1814,174
1815,121
1816,103
1817,102
1818,160
1819,123
1820,177
1821,151
1822,166
1823,130
1824,152
1825,160
1826,157
1827,134
1828,130
1829,156
1830,175
1831,109
1832,183
1833,117
1834,155
1835,135
1836,150
1837,160
1838,118
1839,180
1840,110
1841,104
1842,144
1843,199
1844,144
1845,147
1846,113
1847,127
1848,108
1849,158
1850,137
1851,192
1852,124
1853,171
1854,147
1855,118
1856,101
1857,105
1858,129
1859,160
1860,101
1861,150
1862,182
1863,112
1864,148
1865,107
1866,108
1867,122
1868,171
1869,172
1870,115
1871,115
1872,111
1873,188
1874,110
1875,181
1876,112
1877,134
1878,181
1879,193
1880,142
1881,129
1882,159
1883,166
1884,128
1885,124
1886,165
1887,104
1888,194
1889,104
1890,184
1891,148
1892,125
1893,170
1894,129
1895,197
1896,127
1897,113
1898,117
1899,156
1900,180
1901,124
1902,169
1903,104
1904,152
1905,184
1906,138
1907,156
1908,183
1909,110
1910,168
1911,198
1912,198
1913,124
1914,129
1915,101
1916,183
1917,135
1918,136
1919,101
1920,146
1921,190
1922,195
1923,158
1924,103
1925,190
1926,193
1927,166
1928,145
1929,190
1930,135
1931,164
1932,198
1933,155
1934,175
1935,134
1936,181
1937,122
1938,196
1939,177
1940,143
1941,100
1942,190
1943,187
1944,165
1945,111
1946,112
1947,126
1948,119
1949,197
1950,105
1951,107
1952,120
1953,120
1954,144
1955,169
1956,143
1957,158
1958,129
1959,109
1960,174
1961,100
1962,109
1963,124
1964,179
1965,182
1966,173
1967,113
1968,102
1969,167
1970,139
1971,132
1972,183
1973,178
1974,106
1975,102
1976,190
1977,136
1978,192
1979,125
1980,190
1981,124
1982,139
1983,142
1984,193
1985,143
1986,183
1987,170
1988,128
1989,197
1990,189
1991,190
1992,156
1993,108
1994,121
1995,175
1996,169
1997,105
1998,126
1999,182
2000,151
2001,169
2002,148
2003,180
2004,192
2005,122
2006,180
2007,120
2008,173
2009,107
2010,153
2011,113
2012,130
2013,150
2014,161
2015,117
2016,146
2017,193
2018,181
2019,151
2020,188
2021,136
2022,188
2023,129
2024,129
2025,199
2026,174
2027,147
2028,138
2029,126
2030,115
2031,131
2032,128
2033,151
2034,173
2035,193
2036,174
2037,114
2038,143
2039,122
2040,147
2041,122
2042,170
2043,113
2044,172
2045,153
2046,191
2047,169
2048,142
2049,144
2050,121
2051,160
2052,117
2053,143
2054,185
2055,172
2056,117
2057,156
2058,184
2059,114
2060,172
2061,157
2062,101
2063,113
2064,120
2065,142
2066,144
2067,133
2068,170
2069,178
2070,111
2071,106
2072,168
2073,186
2074,127
2075,197
2076,124
2077,165
2078,150
2079,172
2080,133
2081,145
2082,146
2083,131
2084,111
2085,118
2086,146
2087,137
2088,109
2089,109
2090,198
2091,140
2092,154
2093,195
2094,170
2095,173
2096,142
2097,137
2098,126
2099,131
2100,170
2101,147
2102,125
2103,185
2104,157
2105,175
2106,123
2107,153
2108,145
2109,157
2110,192
2111,131
2112,115
2113,189
2114,169
2115,164
2116,112
2117,105
2118,111
2119,108
2120,183
2121,158
2122,190
2123,166
2124,123
2125,114
2126,197
2127,162
2128,149
2129,195
2130,120
2131,100
2132,196
2133,110
2134,166
2135,121
2136,173
2137,187
2138,106
2139,148
2140,199
2141,100
2142,164
2143,162
2144,163
2145,125
2146,116
2147,110
2148,166
2149,109
2150,165
2151,131
2152,115
2153,125
2154,173
2155,155
2156,199
2157,193
2158,108
2159,104
2160,106
2161,199
2162,164
2163,190
2164,111
2165,179
2166,147
2167,171
2168,124
2169,112
2170,140
2171,109
2172,139
2173,132
2174,134
2175,136
2176,191
2177,115
2178,171
2179,132
2180,152
2181,134
2182,154
2183,175
2184,178
2185,116
2186,126
2187,120
2188,120
2189,116
2190,126
2191,175
2192,147
2193,143
2194,135
2195,127
2196,124
2197,172
2198,146
2199,122
2200,174
2201,149
2202,164
2203,115
2204,149
2205,112
2206,183
2207,179
2208,179
2209,134
2210,131
2211,186
2212,124
2213,142
2214,127
2215,165
2216,166
2217,194
2218,196
2219,132
2220,146
2221,134
2222,199
2223,163
2224,189
2225,111
2226,152
2227,143
2228,145
2229,110
2230,169
2231,188
2232,145
2233,158
2234,158
2235,133
2236,198
2237,120
2238,181
2239,171
2240,197
2241,151
2242,147
2243,177
2244,118
2245,183
2246,103
2247,131
2248,189
2249,127
2250,175
2251,157
2252,173
2253,140
2254,198
2255,132
2256,113
2257,186
2258,181
2259,152
2260,175
2261,141
2262,135
2263,124
2264,151
2265,139
2266,185
2267,169
2268,179
2269,161
2270,186
2271,108
2272,198
2273,192
2274,177
2275,168
2276,120
2277,152
2278,169
2279,100
2280,130
2281,144
2282,127
2283,102
2284,186
2285,139
2286,103
2287,169
2288,175
2289,111
2290,161
2291,170
2292,191
2293,189
2294,147
2295,106
2296,156
2297,155
2298,166
2299,112
2300,151
2301,162
2302,140
2303,174
2304,122
2305,146
2306,164
2307,197
2308,130
2309,196
2310,199
2311,135
2312,113
2313,136
2314,131
2315,152
2316,127
2317,164
2318,146
2319,170
2320,179
2321,131
2322,123
2323,113
2324,146
2325,178
2326,100
2327,191
2328,118
2329,157
2330,106
2331,181
2332,176
2333,163
2334,117
2335,162
2336,167
2337,149
2338,167
2339,190
2340,115
2341,113
2342,161
2343,177
2344,106
2345,155
2346,113
2347,141
2348,169
2349,161
2350,142
2351,156
2352,190
2353,174
2354,130
2355,150
2356,166
2357,100
2358,179
2359,143
2360,190
2361,149
2362,159
2363,102
2364,171
2365,179
2366,153
2367,101
2368,128
2369,115
2370,192
2371,194
2372,158
2373,110
2374,195
2375,123
2376,182
2377,131
2378,173
2379,153
2380,155
2381,195
2382,186
2383,196
2384,193
2385,193
2386,170
2387,179
2388,142
2389,152
2390,100
2391,193
2392,197
2393,160
2394,133
2395,160
2396,160
2397,194
2398,107
2399,153
2400,152
2401,119
2402,145
2403,192
2404,130
2405,184
2406,125
2407,194
2408,162
2409,119
2410,121
2411,156
2412,156
2413,125
2414,116
2415,188
2416,126
2417,166
2418,155
2419,123
2420,124
2421,109
2422,135
2423,181
2424,144
2425,116
2426,177
2427,157
2428,182
2429,181
2430,122
2431,107
2432,149
2433,115
2434,188
2435,142
2436,195
2437,182
2438,181
2439,195
2440,145
2441,148
2442,114
2443,148
2444,120
2445,174
2446,192
2447,195
2448,105
2449,154
2450,182
2451,179
2452,175
2453,114
2454,110
2455,138
2456,173
2457,150
2458,136
2459,148
2460,156
2461,187
2462,199
2463,164
2464,116
2465,162
2466,113
2467,137
2468,124
2469,136
2470,198
2471,185
2472,155
2473,106
2474,110
2475,173
2476,177
2477,134
2478,135
2479,169
2480,151
2481,168
2482,141
2483,170
2484,114
2485,120
2486,181
2487,100
2488,167
2489,110
2490,109
2491,144
2492,155
2493,118
2494,141
2495,193
2496,140
2497,119
2498,126
2499,111
2500,177
2501,197
2502,163
2503,137
2504,165
2505,157
2506,195
2507,181
2508,184
2509,110
2510,129
2511,163
2512,182
2513,147
2514,139
2515,193
2516,198
2517,167
2518,120
2519,104
2520,135
2521,190
2522,106
2523,159
2524,155
2525,130
2526,183
2527,124
2528,155
2529,188
2530,180
2531,178
2532,173
2533,133
2534,143
2535,106
2536,150
2537,124
2538,127
2539,141
2540,126
2541,136
2542,154
2543,137
2544,155
2545,191
2546,133
2547,128
2548,147
2549,171
2550,176
2551,145
2552,136
2553,102
2554,177
2555,195
2556,186
2557,186
2558,176
2559,149
2560,120
2561,147
2562,157
2563,130
2564,106
2565,156
2566,135
2567,182
2568,185
2569,123
2570,123
2571,155
2572,184
2573,160
2574,176
2575,169
2576,127
2577,131
2578,176
2579,197
2580,195
2581,177
2582,195
2583,144
2584,168
2585,198
2586,167
2587,177
2588,117
2589,174
2590,182
2591,101
2592,197
2593,102
2594,128
2595,186
2596,147
2597,164
2598,141
2599,105
2600,158
2601,180
2602,118
2603,151
2604,160
2605,101
2606,178
2607,122
2608,118
2609,196
2610,169
2611,149
2612,160
2613,118
2614,193
2615,121
2616,102
2617,104
2618,193
2619,166
2620,159
2621,138
2622,127
2623,100
2624,121
2625,144
2626,150
2627,180
2628,150
2629,127
2630,129
2631,107
2632,190
2633,140
2634,124
2635,158
2636,176
2637,133
2638,138
2639,170
2640,185
2641,196
2642,145
2643,137
2644,194
2645,132
2646,121
2647,126
2648,162
2649,126
2650,120
2651,152
2652,134
2653,146
2654,149
2655,109
2656,127
2657,136
2658,140
2659,196
2660,160
2661,150
2662,107
2663,157
2664,160
2665,132
2666,118
2667,129
2668,177
2669,113
2670,135
2671,106
2672,133
2673,149
2674,131
2675,141
2676,132
2677,113
2678,188
2679,127
2680,138
2681,193
2682,130
2683,123
2684,103
2685,177
2686,108
2687,199
2688,169
2689,123
2690,189
2691,197
2692,164
2693,186
2694,116
2695,199
2696,136
2697,149
2698,144
2699,119
2700,158
2701,158
2702,189
2703,110
2704,154
2705,183
2706,164
2707,176
2708,157
2709,199
2710,143
2711,176
2712,113
2713,175
2714,151
2715,133
2716,162
2717,126
2718,111
2719,137
2720,199
2721,155
2722,164
2723,189
2724,139
2725,120
2726,131
2727,188
2728,111
2729,188
2730,125
2731,135
2732,115
2733,177
2734,133
2735,123
2736,171
2737,190
2738,138
2739,163
2740,176
2741,128
2742,130
2743,162
2744,142
2745,118
2746,109
2747,155
2748,159
2749,142
2750,147
2751,139
2752,133
2753,100
2754,118
2755,100
2756,187
2757,124
2758,167
2759,187
2760,183
2761,196
2762,127
2763,144
2764,198
2765,123
2766,143
2767,101
2768,122
2769,196
2770,177
2771,161
2772,114
2773,131
2774,186
2775,103
2776,183
2777,130
2778,158
2779,170
2780,100
2781,168
2782,113
2783,193
2784,122
2785,170
2786,115
2787,108
2788,197
2789,130
2790,160
2791,144
2792,106
2793,156
2794,163
2795,101
2796,105
2797,160
2798,133
2799,116
2800,125
2801,175
2802,119
2803,140
2804,157
2805,198
2806,198
2807,153
2808,128
2809,147
2810,194
2811,176
2812,189
2813,121
2814,171
2815,170
2816,104
2817,151
2818,100
2819,144
2820,139
2821,163
2822,110
2823,151
2824,195
2825,106
2826,150
2827,192
2828,193
2829,120
2830,138
2831,143
2832,156
2833,140
2834,138
2835,119
2836,121
2837,128
2838,145
2839,167
2840,102
2841,172
2842,104
2843,155
2844,166
2845,188
2846,131
2847,196
2848,181
2849,199
2850,140
2851,128
2852,165
2853,110
2854,158
2855,194
2856,103
2857,192
2858,153
2859,166
2860,101
2861,199
2862,177
2863,147
2864,167
2865,143
2866,161
2867,193
2868,182
2869,118
2870,143
2871,130
2872,161
2873,114
2874,128
2875,166
2876,182
2877,185
2878,146
2879,183
2880,106
2881,167
2882,100
2883,170
2884,121
2885,156
2886,193
2887,172
2888,157
2889,126
2890,137
2891,186
2892,175
2893,112
2894,196
2895,114
2896,179
2897,197
2898,172
2899,190
2900,147
2901,114
2902,198
2903,197
2904,139
2905,129
2906,122
2907,108
2908,131
2909,134
2910,148
2911,195
2912,144
2913,115
2914,131
2915,124
2916,193
2917,136
2918,136
2919,134
2920,144
2921,107
2922,146
2923,135
2924,188
2925,181
2926,109
2927,100
2928,167
2929,189
2930,174
2931,114
2932,195
2933,178
2934,191
2935,186
2936,102
2937,131
2938,119
2939,155
2940,177
2941,198
2942,141
2943,172
2944,159
2945,155
2946,146
2947,123
2948,140
2949,103
2950,175
2951,150
2952,187
2953,100
2954,113
2955,194
2956,109
2957,196
2958,135
2959,141
2960,198
2961,147
2962,117
2963,188
2964,175
2965,159
2966,127
2967,152
2968,108
2969,123
2970,119
2971,189
2972,168
2973,126
2974,191
2975,139
2976,170
2977,182
2978,153
2979,185
2980,181
2981,114
2982,196
2983,150
2984,168
2985,139
2986,168
2987,142
2988,163
2989,106
2990,101
2991,129
2992,174
2993,151
2994,132
2995,108
2996,110
2997,175
2998,109
2999,153
3000,174
3001,196
3002,119
3003,104
3004,123
3005,131
3006,130
3007,143
3008,177
3009,118
3010,123
3011,195
3012,111
3013,149
3014,184
3015,199
3016,124
3017,150
3018,113
3019,171
3020,128
3021,124
3022,186
3023,158
3024,199
3025,156
3026,111
3027,149
3028,111
3029,181
3030,199
3031,147
3032,149
3033,118
3034,152
3035,134
3036,126
3037,166
3038,176
3039,150
3040,118
3041,142
3042,134
3043,114
3044,115
3045,198
3046,168
3047,170
3048,184
3049,140
3050,153
3051,164
3052,188
3053,129
3054,118
3055,187
3056,145
3057,159
3058,178
3059,198
3060,123
3061,135
3062,148
3063,158
3064,113
3065,185
3066,138
3067,107
3068,147
3069,179
3070,180
3071,168
3072,140
3073,134
3074,163
3075,152
3076,153
3077,136
3078,151
3079,117
3080,120
3081,141
3082,164
3083,180
3084,107
3085,192
3086,183
3087,138
3088,160
3089,159
3090,168
3091,158
3092,109
3093,162
3094,169
3095,106
3096,134
3097,190
3098,141
3099,184
3100,187
3101,128
3102,126
3103,137
3104,101
3105,124
3106,165
3107,137
3108,158
3109,181
3110,106
3111,148
3112,167
3113,140
3114,173
3115,150
3116,191
3117,193
3118,123
3119,135
3120,179
3121,196
3122,109
3123,120
3124,126
3125,154
3126,184
3127,190
3128,195
3129,104
3130,198
3131,185
3132,158
3133,135
3134,173
3135,133
3136,151
3137,105
3138,113
3139,158
3140,156
3141,136
3142,157
3143,182
3144,131
3145,119
3146,184
3147,178
3148,180
3149,160
3150,156
3151,151
3152,187
3153,184
3154,147
3155,178
3156,110
3157,129
3158,159
3159,117
3160,191
3161,176
3162,173
3163,146
3164,111
3165,149
3166,139
3167,189
3168,163
3169,118
3170,186
3171,199
3172,126
3173,151
3174,179
3175,106
3176,162
3177,176
3178,154
3179,175
3180,190
3181,196
3182,130
3183,110
3184,116
3185,165
3186,166
3187,197
3188,131
3189,123
3190,187
3191,112
3192,121
3193,118
3194,152
3195,193
3196,138
3197,120
3198,186
3199,115
3200,106
3201,183
3202,177
3203,125
3204,185
3205,199
3206,189
3207,175
3208,130
3209,167
3210,139
3211,126
3212,108
3213,175
3214,192
3215,191
3216,115
3217,171
3218,112
3219,177
3220,159
3221,178
3222,159
3223,108
3224,152
3225,131
3226,185
3227,154
3228,124
3229,140
3230,125
3231,128
3232,181
3233,135
3234,183
3235,196
3236,183
3237,102
3238,158
3239,133
3240,105
3241,130
3242,198
3243,131
3244,141
3245,156
3246,172
3247,145
3248,190
3249,187
3250,155
3251,149
3252,185
3253,129
3254,135
3255,125
3256,149
3257,101
3258,106
3259,126
3260,179
3261,148
3262,145
3263,192
3264,184
3265,125
3266,181
3267,164
3268,101
3269,177
3270,178
3271,163
3272,163
3273,199
3274,187
3275,159
3276,188
3277,108
3278,114
3279,136
3280,105
3281,142
3282,144
3283,175
3284,190
3285,170
3286,127
3287,151
3288,175
3289,134
3290,165
3291,125
3292,119
3293,188
3294,161
3295,184
3296,100
3297,191
3298,152
3299,176
3300,129
3301,159
3302,109
3303,121
3304,128
3305,168
3306,107
3307,152
3308,110
3309,125
3310,118
3311,118
3312,129
3313,135
3314,141
3315,155
3316,108
3317,106
3318,117
3319,108
3320,105
3321,169
3322,144
3323,121
3324,180
3325,178
3326,172
3327,169
3328,186
3329,180
3330,195
3331,131
3332,166
3333,115
3334,101
3335,166
3336,140
3337,150
3338,113
3339,177
3340,193
3341,148
3342,148
3343,126
3344,180
3345,138
3346,172
3347,135
3348,109
3349,192
3350,103
3351,184
3352,101
3353,178
3354,127
3355,188
3356,125
3357,172
3358,129
3359,108
3360,100
3361,155
3362,155
3363,175
3364,160
3365,144
3366,112
3367,113
3368,109
3369,116
3370,116
3371,130
3372,145
3373,148
3374,189
3375,198
3376,199
3377,174
3378,179
3379,192
3380,117
3381,174
3382,110
3383,172
3384,188
3385,154
3386,195
3387,197
3388,102
3389,177
3390,188
3391,115
3392,199
3393,108
3394,167
3395,144
3396,101
3397,188
3398,121
3399,168
3400,148
3401,120
3402,173
3403,186
3404,190
3405,193
3406,154
3407,103
3408,157
3409,169
3410,158
3411,125
3412,173
3413,168
3414,138
3415,100
3416,156
3417,197
3418,147
3419,171
3420,120
3421,130
3422,157
3423,146
3424,122
3425,174
3426,179
3427,190
3428,106
3429,148
3430,187
3431,195
3432,198
3433,130
3434,146
3435,192
3436,167
3437,134
3438,174
3439,133
3440,157
3441,114
3442,177
3443,184
3444,170
3445,180
3446,141
3447,117
3448,177
3449,137
3450,163
3451,128
3452,109
3453,116
3454,131
3455,160
3456,183
3457,180
3458,145
3459,170
3460,155
3461,160
3462,143
3463,193
3464,137
3465,149
3466,173
3467,131
3468,189
3469,152
3470,147
3471,180
3472,100
3473,189
3474,129
3475,108
3476,132
3477,125
3478,141
3479,173
3480,141
3481,195
3482,138
3483,160
3484,146
3485,141
3486,147
3487,151
3488,132
3489,126
3490,142
3491,128
3492,118
3493,181
3494,198
3495,127
3496,109
3497,166
3498,192
3499,115
3500,199
3501,100
3502,181
3503,103
3504,168
3505,184
3506,103
3507,119
3508,162
3509,182
3510,134
3511,144
3512,156
3513,123
3514,119
3515,127
3516,137
3517,123
3518,183
3519,123
3520,169
3521,124
3522,195
3523,180
3524,180
3525,168
3526,116
3527,157
3528,172
3529,119
3530,101
3531,182
3532,108
3533,162
3534,182
3535,167
3536,105
3537,199
3538,110
3539,120
3540,162
3541,188
3542,129
3543,181
3544,188
3545,120
3546,122
3547,160
3548,129
3549,145
3550,159
3551,117
3552,161
3553,196
3554,144
3555,160
3556,158
3557,134
3558,121
3559,123
3560,186
3561,150
3562,164
3563,114
3564,127
3565,141
3566,119
3567,199
3568,142
3569,179
3570,168
3571,162
3572,142
3573,178
3574,101
3575,187
3576,176
3577,122
3578,111
3579,145
3580,132
3581,143
3582,124
3583,134
3584,134
3585,164
3586,142
3587,167
3588,161
3589,130
3590,127
3591,110
3592,131
3593,165
3594,159
3595,150
3596,158
3597,176
3598,116
3599,167
3600,194
3601,137
3602,163
3603,102
3604,153
3605,175
3606,143
3607,181
3608,129
3609,174
3610,187
3611,184
3612,153
3613,147
3614,134
3615,167
3616,125
3617,171
3618,187
3619,155
3620,175
3621,168
3622,179
3623,163
3624,195
3625,128
3626,196
3627,177
3628,158
3629,124
3630,171
3631,126
3632,198
3633,121
3634,170
3635,199
3636,146
3637,175
3638,154
3639,108
3640,153
3641,163
3642,198
3643,138
3644,182
3645,191
3646,192
3647,107
3648,126
3649,168
3650,192
3651,198
3652,132
3653,195
3654,184
3655,109
3656,115
3657,110
3658,118
3659,163
3660,151
3661,176
3662,114
3663,141
3664,199
3665,195
3666,182
3667,178
3668,137
3669,185
3670,148
3671,176
3672,183
3673,148
3674,178
3675,170
3676,154
3677,121
3678,142
3679,149
3680,183
3681,118
3682,190
3683,171
3684,117
3685,109
3686,149
3687,148
3688,140
3689,198
3690,114
3691,122
3692,175
3693,126
3694,105
3695,123
3696,185
3697,108
3698,173
3699,161
3700,166
3701,169
3702,189
3703,177
3704,199
3705,141
3706,159
3707,182
3708,147
3709,155
3710,186
3711,104
3712,178
3713,193
3714,196
3715,153
3716,137
3717,118
3718,168
3719,172
3720,170
3721,123
3722,179
3723,109
3724,184
3725,120
3726,114
3727,163
3728,112
3729,170
3730,139
3731,107
3732,137
3733,151
3734,101
3735,121
3736,103
3737,151
3738,106
3739,100
3740,182
3741,157
3742,161
3743,193
3744,165
3745,154
3746,112
3747,127
3748,113
3749,102
3750,115
3751,188
3752,145
3753,102
3754,197
3755,102
3756,140
3757,128
3758,139
3759,118
3760,119
3761,120
3762,119
3763,191
3764,146
3765,190
3766,143
3767,188
3768,101
3769,142
3770,156
3771,187
3772,196
3773,118
3774,189
3775,163
3776,145
3777,140
3778,166
3779,190
3780,113
3781,119
3782,134
3783,186
3784,124
3785,103
3786,156
3787,101
3788,165
3789,188
3790,186
3791,120
3792,188
3793,190
3794,151
3795,174
3796,177
3797,180
3798,114
3799,145
3800,130
3801,161
3802,133
3803,135
3804,143
3805,162
3806,176
3807,117
3808,180
3809,144
3810,138
3811,191
3812,125
3813,177
3814,174
3815,195
3816,123
3817,157
3818,194
3819,149
3820,171
3821,138
3822,171
3823,130
3824,182
3825,135
3826,138
3827,195
3828,120
3829,122
3830,153
3831,135
3832,114
3833,101
3834,175
3835,169
3836,137
3837,164
3838,149
3839,189
3840,186
3841,100
3842,120
3843,156
3844,118
3845,128
3846,149
3847,189
3848,133
3849,180
3850,181
3851,153
3852,131
3853,103
3854,129
3855,194
3856,117
3857,168
3858,195
3859,128
3860,111
3861,114
3862,178
3863,198
3864,152
3865,134
3866,151
3867,152
3868,113
3869,117
3870,137
3871,185
3872,137
3873,154
3874,110
3875,166
3876,152
3877,177
3878,143
3879,124
3880,161
3881,113
3882,146
3883,194
3884,188
3885,154
3886,182
3887,111
3888,106
3889,148
3890,113
3891,128
3892,146
3893,113
3894,186
3895,150
3896,113
3897,186
3898,107
3899,176
3900,199
3901,164
3902,136
3903,189
3904,167
3905,115
3906,188
3907,182
3908,119
3909,189
3910,195
3911,166
3912,170
3913,131
3914,168
3915,184
3916,129
3917,119
3918,157
3919,128
3920,123
3921,100
3922,188
3923,126
3924,188
3925,120
3926,116
3927,191
3928,131
3929,143
3930,197
3931,121
3932,141
3933,182
3934,161
3935,147
3936,107
3937,101
3938,104
3939,127
3940,103
3941,152
3942,199
3943,100
3944,178
3945,176
3946,194
3947,180
3948,105
3949,187
3950,154
3951,151
3952,176
3953,184
3954,123
3955,161
3956,155
3957,185
3958,192
3959,123
3960,175
3961,119
3962,133
3963,114
3964,150
3965,103
3966,152
3967,113
3968,164
3969,132
3970,149
3971,162
3972,149
3973,192
3974,173
3975,135
3976,177
3977,185
3978,196
3979,191
3980,170
3981,199
3982,199
3983,149
3984,140
3985,197
3986,169
3987,198
3988,126
3989,129
3990,131
3991,182
3992,121
3993,184
3994,168
3995,120
3996,155
3997,183
3998,130
3999,158
4000,169
4001,194
4002,142
4003,187
4004,153
4005,117
4006,154
4007,128
4008,160
4009,150
4010,175
4011,111
4012,192
4013,160
4014,170
4015,115
4016,111
4017,161
4018,184
4019,167
4020,159
4021,180
4022,127
4023,163
4024,194
4025,171
4026,149
4027,125
4028,139
4029,154
4030,130
4031,182
4032,170
4033,104
4034,112
4035,117
4036,181
4037,149
4038,183
4039,186
4040,135
4041,151
4042,132
4043,163
4044,170
4045,168
4046,195
4047,172
4048,129
4049,195
4050,167
4051,188
4052,121
4053,158
4054,107
4055,165
4056,136
4057,198
4058,155
4059,160
4060,185
4061,164
4062,141
4063,196
4064,148
4065,167
4066,108
4067,107
4068,157
4069,185
4070,153
4071,184
4072,147
4073,153
4074,127
4075,165
4076,180
4077,130
4078,112
4079,158
4080,181
4081,187
4082,130
4083,132
4084,152
4085,194
4086,190
4087,135
4088,184
4089,168
4090,174
4091,197
4092,133
4093,160
4094,159
4095,102
4096,105
4097,119
4098,103
4099,152
4100,170
4101,161
4102,180
4103,137
4104,135
4105,133
4106,105
4107,165
4108,117
4109,126
4110,138
4111,150
4112,118
4113,195
4114,187
4115,133
4116,188
4117,123
4118,124
4119,175
4120,193
4121,169
4122,129
4123,196
4124,178
4125,192
4126,153
4127,177
4128,124
4129,104
4130,101
4131,179
4132,162
4133,153
4134,137
4135,116
4136,130
4137,100
4138,105
4139,194
4140,169
4141,135
4142,107
4143,192
4144,172
4145,185
4146,109
4147,123
4148,162
4149,139
4150,101
4151,119
4152,180
4153,132
4154,113
4155,195
4156,153
4157,154
4158,136
4159,187
4160,183
4161,105
4162,132
4163,149
4164,191
4165,174
4166,199
4167,183
4168,169
4169,171
4170,182
4171,178
4172,185
4173,150
4174,165
4175,160
4176,127
4177,199
4178,199
4179,143
4180,181
4181,111
4182,182
4183,156
4184,125
4185,124
4186,191
4187,114
4188,173
4189,197
4190,176
4191,179
4192,152
4193,194
4194,164
4195,153
4196,186
4197,177
4198,138
4199,193
4200,150
4201,119
4202,163
4203,188
4204,110
4205,189
4206,151
4207,184
4208,153
4209,168
4210,106
4211,111
4212,101
4213,120
4214,195
4215,168
4216,190
4217,194
4218,175
4219,135
4220,120
4221,152
4222,118
4223,102
4224,159
4225,180
4226,193
4227,199
4228,172
4229,133
4230,128
4231,173
4232,156
4233,172
4234,139
4235,149
4236,174
4237,118
4238,121
4239,150
4240,148
4241,151
4242,121
4243,161
4244,159
4245,179
4246,180
4247,106
4248,152
4249,130
4250,103
4251,192
4252,106
4253,193
4254,102
4255,124
4256,133
4257,132
4258,194
4259,187
4260,137
4261,103
4262,147
4263,173
4264,188
4265,160
4266,164
4267,180
4268,170
4269,177
4270,160
4271,100
4272,105
4273,173
4274,120
4275,166
4276,182
4277,127
4278,165
4279,126
4280,131
4281,111
4282,164
4283,145
4284,139
4285,192
4286,108
4287,181
4288,161
4289,199
4290,115
4291,198
4292,199
4293,167
4294,139
4295,134
4296,182
4297,159
4298,169
4299,194
4300,190
4301,102
4302,152
4303,199
4304,158
4305,135
4306,165
4307,136
4308,178
4309,186
4310,143
4311,163
4312,150
4313,105
4314,196
4315,168
4316,120
4317,156
4318,127
4319,184
4320,123
4321,191
4322,174
4323,162
4324,121
4325,133
4326,136
4327,140
4328,180
4329,178
4330,192
4331,197
4332,142
4333,121
4334,190
4335,114
4336,120
4337,151
4338,103
4339,146
4340,117
4341,170
4342,179
4343,134
4344,175
4345,106
4346,140
4347,109
4348,161
4349,164
4350,111
4351,190
4352,127
4353,157
4354,155
4355,117
4356,164
4357,156
4358,149
4359,186
4360,180
4361,144
4362,161
4363,164
4364,154
4365,137
4366,103
4367,114
4368,120
4369,120
4370,150
4371,185
4372,177
4373,134
4374,103
4375,198
4376,131
4377,191
4378,111
4379,153
4380,129
4381,108
4382,118
4383,179
4384,129
4385,164
4386,144
4387,122
4388,175
4389,104
4390,183
4391,166
4392,165
4393,142
4394,183
4395,101
4396,147
4397,157
4398,139
4399,198
4400,152
4401,158
4402,167
4403,162
4404,135
4405,139
4406,105
4407,113
4408,178
4409,132
4410,118
4411,175
4412,142
4413,153
4414,172
4415,182
4416,195
4417,191
4418,191
4419,194
4420,160
4421,199
4422,112
4423,141
4424,196
4425,117
4426,192
4427,171
4428,185
4429,164
4430,147
4431,194
4432,183
4433,135
4434,186
4435,180
4436,144
4437,109
4438,108
4439,145
4440,116
4441,166
4442,132
4443,164
4444,119
4445,165
4446,115
4447,172
4448,113
4449,100
4450,134
4451,181
4452,100
4453,142
4454,168
4455,174
4456,187
4457,195
4458,154
4459,115
4460,166
4461,162
4462,171
4463,195
4464,121
4465,155
4466,151
4467,180
4468,126
4469,163
4470,144
4471,166
4472,125
4473,198
4474,112
4475,180
4476,129
4477,192
4478,177
4479,129
4480,143
4481,147
4482,108
4483,147
4484,195
4485,155
4486,167
4487,105
4488,164
4489,188
4490,166
4491,120
4492,177
4493,129
4494,156
4495,154
4496,101
4497,147
4498,121
4499,112
4500,188
4501,142
4502,174
4503,173
4504,148
4505,136
4506,188
4507,134
4508,118
4509,127
4510,156
4511,160
4512,142
4513,159
4514,109
4515,178
4516,195
4517,166
4518,123
4519,173
4520,143
4521,129
4522,196
4523,144
4524,188
4525,159
4526,152
4527,124
4528,175
4529,103
4530,191
4531,183
4532,173
4533,130
4534,118
4535,101
4536,103
4537,178
4538,137
4539,132
4540,117
4541,131
4542,195
4543,176
4544,179
4545,132
4546,133
4547,150
4548,162
4549,177
4550,146
4551,165
4552,112
4553,151
4554,192
4555,151
4556,142
4557,197
4558,160
4559,180
4560,102
4561,193
4562,167
4563,194
4564,158
4565,153
4566,168
4567,101
4568,167
4569,143
4570,137
4571,159
4572,126
4573,190
4574,114
4575,138
4576,137
4577,153
4578,162
4579,157
4580,161
4581,177
4582,117
4583,128
4584,170
4585,156
4586,123
4587,137
4588,105
4589,119
4590,141
4591,199
4592,173
4593,121
4594,132
4595,186
4596,145
4597,153
4598,141
4599,150
4600,167
4601,184
4602,155
4603,176
4604,141
4605,112
4606,153
4607,111
4608,187
4609,134
4610,182
4611,108
4612,112
4613,121
4614,139
4615,135
4616,191
4617,140
4618,106
4619,193
4620,194
4621,154
4622,174
4623,193
4624,178
4625,112
4626,198
4627,198
4628,119
4629,157
4630,122
4631,152
4632,136
4633,119
4634,118
4635,117
4636,167
4637,160
4638,171
4639,145
4640,193
4641,147
4642,119
4643,171
4644,168
4645,133
4646,106
4647,149
4648,152
4649,185
4650,172
4651,110
4652,175
4653,107
4654,131
4655,162
4656,154
4657,158
4658,162
4659,116
4660,125
4661,150
4662,132
4663,125
4664,121
4665,166
4666,194
4667,177
4668,181
4669,197
4670,162
4671,116
4672,140
4673,175
4674,138
4675,132
4676,131
4677,120
4678,152
4679,163
4680,177
4681,165
4682,148
4683,170
4684,178
4685,130
4686,191
4687,140
4688,171
4689,170
4690,135
4691,173
4692,138
4693,193
4694,140
4695,140
4696,104
4697,184
4698,105
4699,161
4700,115
4701,179
4702,187
4703,118
4704,182
4705,136
4706,163
4707,158
4708,196
4709,168
4710,172
4711,184
4712,106
4713,141
4714,124
4715,155
4716,146
4717,184
4718,176
4719,149
4720,184
4721,173
4722,187
4723,190
4724,132
4725,125
4726,199
4727,116
4728,120
4729,101
4730,178
4731,143
4732,165
4733,170
4734,135
4735,145
4736,149
4737,195
4738,166
4739,102
4740,132
4741,144
4742,124
4743,136
4744,135
4745,134
4746,118
4747,144
4748,182
4749,196
4750,117
4751,126
4752,193
4753,130
4754,138
4755,166
4756,121
4757,151
4758,109
4759,107
4760,133
4761,152
4762,117
4763,111
4764,163
4765,156
4766,195
4767,101
4768,116
4769,151
4770,175
4771,170
4772,178
4773,101
4774,126
4775,125
4776,124
4777,111
4778,116
4779,164
4780,194
4781,139
4782,104
4783,191
4784,127
4785,171
4786,151
4787,113
4788,105
4789,117
4790,136
4791,173
4792,163
4793,198
4794,134
4795,116
4796,190
4797,187
4798,109
4799,150
4800,180
4801,151
4802,163
4803,132
4804,196
4805,116
4806,181
4807,148
4808,106
4809,189
4810,164
4811,161
4812,174
4813,109
4814,130
4815,124
4816,156
4817,164
4818,142
4819,102
4820,154
4821,147
4822,164
4823,170
4824,159
4825,113
4826,186
4827,180
4828,113
4829,108
4830,184
4831,144
4832,101
4833,131
4834,107
4835,135
4836,189
4837,136
4838,114
4839,133
4840,120
4841,186
4842,108
4843,139
4844,125
4845,121
4846,112
4847,124
4848,170
4849,190
4850,114
4851,175
4852,144
4853,196
4854,120
4855,188
4856,139
4857,146
4858,185
4859,160
4860,113
4861,171
4862,187
4863,166
4864,175
4865,146
4866,185
4867,115
4868,170
4869,117
4870,144
4871,122
4872,125
4873,165
4874,101
4875,121
4876,137
4877,141
4878,127
4879,162
4880,116
4881,181
4882,158
4883,101
4884,198
4885,178
4886,178
4887,197
4888,149
4889,114
4890,117
4891,176
4892,137
4893,107
4894,179
4895,119
4896,159
4897,125
4898,134
4899,180
4900,125
4901,117
4902,143
4903,106
4904,134
4905,111
4906,143
4907,140
4908,153
4909,100
4910,124
4911,179
4912,114
4913,174
4914,102
4915,144
4916,144
4917,150
4918,141
4919,138
4920,119
4921,186
4922,178
4923,117
4924,138
4925,198
4926,128
4927,119
4928,141
4929,178
4930,195
4931,111
4932,155
4933,111
4934,188
4935,152
4936,197
4937,107
4938,157
4939,123
4940,160
4941,100
4942,188
4943,197
4944,177
4945,199
4946,169
4947,144
4948,108
4949,100
4950,172
4951,123
4952,159
4953,181
4954,147
4955,138
4956,117
4957,191
4958,151
4959,101
4960,135
4961,147
4962,187
4963,134
4964,169
4965,180
4966,193
4967,171
4968,141
4969,173
4970,179
4971,137
4972,125
4973,130
4974,151
4975,159
4976,107
4977,160
4978,134
4979,133
4980,109
4981,139
4982,151
4983,111
4984,126
4985,118
4986,156
4987,189
4988,153
4989,114
4990,194
4991,136
4992,160
4993,117
4994,192
4995,143
4996,190
4997,183
4998,120
4999,128
5000,114
5001,185
5002,186
5003,167
5004,187
5005,163
5006,113
5007,136
5008,153
5009,158
5010,158
5011,184
5012,154
5013,142
5014,151
5015,138
5016,176
5017,118
5018,155
5019,189
5020,135
5021,151
5022,143
5023,145
5024,196
5025,139
5026,179
5027,152
5028,156
5029,118
5030,177
5031,143
5032,193
5033,194
5034,119
5035,143
5036,142
5037,106
5038,141
5039,161
5040,101
5041,185
5042,176
5043,145
5044,137
5045,194
5046,100
5047,146
5048,112
5049,159
5050,180
5051,163
5052,167
5053,154
5054,130
5055,196
5056,113
5057,184
5058,185
5059,104
5060,153
5061,152
5062,136
5063,195
5064,156
5065,102
5066,176
5067,110
5068,141
5069,154
5070,137
5071,123
5072,108
5073,112
5074,185
5075,117
5076,109
5077,111
5078,193
5079,146
5080,182
5081,182
5082,109
5083,100
5084,156
5085,170
5086,110
5087,152
5088,103
5089,199
5090,160
5091,184
5092,185
5093,109
5094,186
5095,104
5096,160
5097,175
5098,129
5099,156
5100,132
5101,136
5102,181
5103,167
5104,190
5105,122
5106,169
5107,106
5108,118
5109,114
5110,185
5111,131
5112,178
5113,158
5114,169
5115,169
5116,105
5117,175
5118,165
5119,188
5120,103
5121,169
5122,156
5123,160
5124,155
5125,113
5126,182
5127,106
5128,153
5129,181
5130,157
5131,160
5132,171
5133,127
5134,184
5135,154
5136,198
5137,173
5138,152
5139,191
5140,182
5141,143
5142,198
5143,127
5144,145
5145,148
5146,166
5147,126
5148,180
5149,178
5150,138
5151,185
5152,183
5153,126
5154,134
5155,146
5156,151
5157,168
5158,165
5159,140
5160,149
5161,144
5162,119
5163,170
5164,135
5165,171
5166,190
5167,169
5168,123
5169,135
5170,104
5171,183
5172,119
5173,152
5174,139
5175,197
5176,149
5177,173
5178,166
5179,197
5180,134
5181,163
5182,136
5183,144
5184,137
5185,186
5186,184
5187,126
5188,164
5189,172
5190,102
5191,158
5192,199
5193,197
5194,129
5195,194
5196,193
5197,115
5198,128
5199,169
5200,177
5201,173
5202,187
5203,199
5204,123
5205,106
5206,148
5207,162
5208,145
5209,147
5210,124
5211,142
5212,154
5213,133
5214,164
5215,127
5216,140
5217,128
5218,131
5219,168
5220,133
5221,158
5222,160
5223,151
5224,162
5225,125
5226,176
5227,111
5228,121
5229,172
5230,155
5231,105
5232,135
5233,173
5234,158
5235,158
5236,195
5237,167
5238,151
5239,167
5240,176
5241,179
5242,150
5243,189
5244,196
5245,167
5246,125
5247,172
5248,140
5249,174
5250,104
5251,152
5252,137
5253,195
5254,192
5255,191
5256,152
5257,187
5258,155
5259,118
5260,164
5261,168
5262,186
5263,152
5264,118
5265,165
5266,147
5267,165
5268,172
5269,117
5270,179
5271,138
5272,172
5273,150
5274,122
5275,132
5276,159
5277,158
5278,197
5279,125
5280,116
5281,152
5282,177
5283,176
5284,185
5285,142
5286,147
5287,181
5288,119
5289,193
5290,134
5291,132
5292,180
5293,198
5294,175
5295,101
5296,133
5297,175
5298,189
5299,131
5300,120
5301,104
5302,127
5303,186
5304,147
5305,195
5306,168
5307,198
5308,169
5309,182
5310,139
5311,105
5312,113
5313,166
5314,110
5315,138
5316,140
5317,123
5318,142
5319,181
5320,194
5321,173
5322,125
5323,128
5324,101
5325,129
5326,173
5327,175
5328,183
5329,156
5330,158
5331,118
5332,153
5333,169
5334,122
5335,182
5336,194
5337,132
5338,165
5339,178
5340,110
5341,189
5342,117
5343,164
5344,131
5345,103
5346,185
5347,135
5348,192
5349,199
5350,156
5351,132
5352,113
5353,147
5354,136
5355,104
5356,149
5357,160
5358,185
5359,168
5360,137
5361,145
5362,197
5363,114
5364,136
5365,126
5366,100
5367,128
5368,171
5369,196
5370,106
5371,128
5372,130
5373,137
5374,107
5375,194
5376,136
5377,158
5378,178
5379,153
5380,157
5381,195
5382,125
5383,147
5384,110
5385,122
5386,133
5387,132
5388,180
5389,196
5390,101
5391,160
5392,103
5393,111
5394,128
5395,141
5396,182
5397,156
5398,149
5399,165
5400,106
5401,156
5402,145
5403,121
5404,110
5405,132
5406,153
5407,119
5408,104
5409,167
5410,113
5411,102
5412,181
5413,157
5414,126
5415,103
5416,166
5417,163
5418,190
5419,191
5420,185
5421,141
5422,128
5423,179
5424,134
5425,118
5426,193
5427,178
5428,168
5429,130
5430,142
5431,194
5432,172
5433,176
5434,120
5435,194
5436,164
5437,176
5438,133
5439,160
5440,135
5441,179
5442,173
5443,140
5444,133
5445,124
5446,156
5447,164
5448,175
5449,121
5450,159
5451,153
5452,121
5453,160
5454,165
5455,144
5456,171
5457,196
5458,168
5459,163
5460,109
5461,166
5462,110
5463,193
5464,127
5465,104
5466,111
5467,143
5468,192
5469,189
5470,192
5471,128
5472,177
5473,135
5474,134
5475,107
5476,115
5477,142
5478,168
5479,115
5480,155
5481,140
5482,176
5483,107
5484,153
5485,189
5486,104
5487,108
5488,165
5489,170
5490,129
5491,180
5492,194
5493,164
5494,191
5495,129
5496,146
5497,194
5498,187
5499,130
5500,159
5501,174
5502,179
5503,108
5504,193
5505,175
5506,153
5507,160
5508,163
5509,179
5510,196
5511,105
5512,144
5513,164
5514,176
5515,136
5516,198
5517,189
5518,172
5519,116
5520,198
5521,124
5522,149
5523,170
5524,130
5525,131
5526,147
5527,182
5528,116
5529,160
5530,156
5531,156
5532,169
5533,188
5534,132
5535,118
5536,114
5537,134
5538,148
5539,195
5540,135
5541,195
5542,195
5543,153
5544,135
5545,152
5546,159
5547,197
5548,173
5549,143
5550,132
5551,143
5552,154
5553,173
5554,143
5555,150
5556,198
5557,185
5558,150
5559,186
5560,106
5561,184
5562,100
5563,112
5564,172
5565,147
5566,183
5567,146
5568,146
5569,109
5570,125
5571,149
5572,146
5573,143
5574,100
5575,162
5576,116
5577,116
5578,138
5579,142
5580,175
5581,140
5582,114
5583,100
5584,157
5585,153
5586,195
5587,174
5588,104
5589,161
5590,181
5591,181
5592,186
5593,170
5594,145
5595,189
5596,164
5597,127
5598,183
5599,140
5600,122
5601,131
5602,157
5603,138
5604,181
5605,132
5606,157
5607,188
5608,131
5609,149
5610,150
5611,191
5612,176
5613,118
5614,102
5615,190
5616,116
5617,142
5618,128
5619,143
5620,151
5621,196
5622,127
5623,183
5624,133
5625,179
5626,153
5627,101
5628,191
5629,116
5630,183
5631,117
5632,127
5633,127
5634,151
5635,115
5636,132
5637,184
5638,104
5639,144
5640,136
5641,181
5642,151
5643,163
5644,161
5645,104
5646,110
5647,185
5648,186
5649,189
5650,190
5651,102
5652,150
5653,159
5654,165
5655,156
5656,116
5657,102
5658,102
5659,139
5660,179
5661,175
5662,162
5663,150
5664,100
5665,150
5666,103
5667,180
5668,182
5669,103
5670,146
5671,138
5672,183
5673,148
5674,156
5675,138
5676,167
5677,116
5678,114
5679,127
5680,115
5681,105
5682,191
5683,131
5684,180
5685,124
5686,138
5687,116
5688,145
5689,178
5690,152
5691,150
5692,117
5693,119
5694,186
5695,104
5696,161
5697,111
5698,180
5699,129
5700,182
5701,195
5702,115
5703,101
5704,175
5705,102
5706,107
5707,136
5708,152
5709,154
5710,187
5711,148
5712,188
5713,158
5714,159
5715,188
5716,177
5717,145
5718,199
5719,162
5720,178
5721,131
5722,165
5723,184
5724,103
5725,128
5726,148
5727,192
5728,122
5729,102
5730,153
5731,120
5732,179
5733,143
5734,119
5735,198
5736,156
5737,168
5738,189
5739,170
5740,151
5741,179
5742,116
5743,165
5744,111
5745,157
5746,176
5747,104
5748,179
5749,191
5750,171
5751,155
5752,191
5753,145
5754,171
5755,192
5756,117
5757,143
5758,142
5759,179
5760,189
5761,185
5762,178
5763,176
5764,121
5765,159
5766,184
5767,162
5768,123
5769,164
5770,128
5771,100
5772,100
5773,172
5774,120
5775,177
5776,127
5777,117
5778,196
5779,151
5780,165
5781,197
5782,187
5783,161
5784,118
5785,101
5786,169
5787,154
5788,178
5789,156
5790,110
5791,115
5792,184
5793,161
5794,126
5795,121
5796,102
5797,102
5798,120
5799,142
5800,169
5801,188
5802,136
5803,193
5804,155
5805,138
5806,119
5807,164
5808,134
5809,142
5810,189
5811,120
5812,109
5813,144
5814,192
5815,102
5816,142
5817,151
5818,140
5819,140
5820,176
5821,108
5822,145
5823,115
5824,146
5825,127
5826,127
5827,174
5828,193
5829,110
5830,128
5831,155
5832,175
5833,171
5834,156
5835,152
5836,173
5837,158
5838,134
5839,151
5840,135
5841,176
5842,157
5843,190
5844,101
5845,127
5846,197
5847,184
5848,169
5849,162
5850,151
5851,159
5852,189
5853,135
5854,181
5855,161
5856,142
5857,138
5858,104
5859,189
5860,174
5861,149
5862,115
5863,182
5864,151
5865,168
5866,170
5867,102
5868,188
5869,109
5870,150
5871,168
5872,131
5873,195
5874,104
5875,142
5876,182
5877,111
5878,130
5879,180
5880,121
5881,158
5882,151
5883,146
5884,185
5885,148
5886,155
5887,189
5888,130
5889,158
5890,169
5891,175
5892,142
5893,190
5894,180
5895,173
5896,104
5897,103
5898,114
5899,101
5900,148
5901,155
5902,107
5903,115
5904,163
5905,183
5906,123
5907,198
5908,154
5909,153
5910,180
5911,168
5912,177
5913,177
5914,159
5915,130
5916,119
5917,176
5918,153
5919,108
5920,133
5921,175
5922,179
5923,164
5924,115
5925,169
5926,183
5927,105
5928,134
5929,102
5930,120
5931,106
5932,177
5933,129
5934,121
5935,113
5936,154
5937,188
5938,166
5939,104
5940,168
5941,158
5942,108
5943,147
5944,136
5945,167
5946,119
5947,184
5948,149
5949,123
5950,170
5951,148
5952,107
5953,174
5954,172
5955,105
5956,139
5957,180
5958,153
5959,176
5960,116
5961,150
5962,101
5963,129
5964,131
5965,149
5966,199
5967,170
5968,115
5969,182
5970,178
5971,154
5972,156
5973,177
5974,144
5975,151
5976,170
5977,146
5978,132
5979,197
5980,123
5981,134
5982,163
5983,184
5984,187
5985,179
5986,159
5987,180
5988,128
5989,117
5990,157
5991,147
5992,110
5993,102
5994,141
5995,117
5996,115
5997,140
5998,164
5999,142
6000,142
